年次,市区町村コード,全国，都道府県，市区町村,夜間人口
2020年,0,全国,126146099
2020年,1000,北海道,5224614
2020年,1100,札幌市,1973395
2020年,1101,札幌市中央区,248680
2020年,1102,札幌市北区,289323
2020年,1103,札幌市東区,265379
2020年,1104,札幌市白石区,211835
2020年,1105,札幌市豊平区,225298
2020年,1106,札幌市南区,135777
2020年,1107,札幌市西区,217040
2020年,1108,札幌市厚別区,125083
2020年,1109,札幌市手稲区,142625
2020年,1110,札幌市清田区,112355
2020年,1202,函館市,251084
2020年,1203,小樽市,111299
2020年,1204,旭川市,329306
2020年,1205,室蘭市,82383
2020年,1206,釧路市,165077
2020年,1207,帯広市,166536
2020年,1208,北見市,115480
2020年,1209,夕張市,7334
2020年,1210,岩見沢市,79306
2020年,1211,網走市,35759
2020年,1212,留萌市,20114
2020年,1213,苫小牧市,170113
2020年,1214,稚内市,33563
2020年,1215,美唄市,20413
2020年,1216,芦別市,12555
2020年,1217,江別市,121056
2020年,1218,赤平市,9698
2020年,1219,紋別市,21215
2020年,1220,士別市,17858
2020年,1221,名寄市,27282
2020年,1222,三笠市,8040
2020年,1223,根室市,24636
2020年,1224,千歳市,97950
2020年,1225,滝川市,39490
2020年,1226,砂川市,16486
2020年,1227,歌志内市,2989
2020年,1228,深川市,20039
2020年,1229,富良野市,21131
2020年,1230,登別市,46391
2020年,1231,恵庭市,70331
2020年,1233,伊達市,32826
2020年,1234,北広島市,58171
2020年,1235,石狩市,56869
2020年,1236,北斗市,44302
2020年,1303,当別町,15916
2020年,1304,新篠津村,3044
2020年,1331,松前町,6260
2020年,1332,福島町,3794
2020年,1333,知内町,4167
2020年,1334,木古内町,3832
2020年,1337,七飯町,27686
2020年,1343,鹿部町,3760
2020年,1345,森町,14338
2020年,1346,八雲町,15826
2020年,1347,長万部町,5109
2020年,1361,江差町,7428
2020年,1362,上ノ国町,4306
2020年,1363,厚沢部町,3592
2020年,1364,乙部町,3403
2020年,1367,奥尻町,2410
2020年,1370,今金町,5072
2020年,1371,せたな町,7398
2020年,1391,島牧村,1356
2020年,1392,寿都町,2838
2020年,1393,黒松内町,2791
2020年,1394,蘭越町,4568
2020年,1395,ニセコ町,5074
2020年,1396,真狩村,2045
2020年,1397,留寿都村,1911
2020年,1398,喜茂別町,2156
2020年,1399,京極町,2941
2020年,1400,倶知安町,15129
2020年,1401,共和町,5772
2020年,1402,岩内町,11648
2020年,1403,泊村,1569
2020年,1404,神恵内村,870
2020年,1405,積丹町,1831
2020年,1406,古平町,2745
2020年,1407,仁木町,3180
2020年,1408,余市町,18000
2020年,1409,赤井川村,1165
2020年,1423,南幌町,7319
2020年,1424,奈井江町,5120
2020年,1425,上砂川町,2841
2020年,1427,由仁町,4822
2020年,1428,長沼町,10289
2020年,1429,栗山町,11272
2020年,1430,月形町,3691
2020年,1431,浦臼町,1732
2020年,1432,新十津川町,6484
2020年,1433,妹背牛町,2693
2020年,1434,秩父別町,2329
2020年,1436,雨竜町,2389
2020年,1437,北竜町,1724
2020年,1438,沼田町,2909
2020年,1452,鷹栖町,6567
2020年,1453,東神楽町,10127
2020年,1454,当麻町,6319
2020年,1455,比布町,3520
2020年,1456,愛別町,2605
2020年,1457,上川町,3500
2020年,1458,東川町,8314
2020年,1459,美瑛町,9668
2020年,1460,上富良野町,10348
2020年,1461,中富良野町,4733
2020年,1462,南富良野町,2376
2020年,1463,占冠村,1306
2020年,1464,和寒町,3192
2020年,1465,剣淵町,2926
2020年,1468,下川町,3126
2020年,1469,美深町,4145
2020年,1470,音威子府村,706
2020年,1471,中川町,1528
2020年,1472,幌加内町,1370
2020年,1481,増毛町,3908
2020年,1482,小平町,2994
2020年,1483,苫前町,2936
2020年,1484,羽幌町,6548
2020年,1485,初山別村,1080
2020年,1486,遠別町,2520
2020年,1487,天塩町,2950
2020年,1511,猿払村,2611
2020年,1512,浜頓別町,3448
2020年,1513,中頓別町,1637
2020年,1514,枝幸町,7565
2020年,1516,豊富町,3974
2020年,1517,礼文町,2509
2020年,1518,利尻町,2004
2020年,1519,利尻富士町,2458
2020年,1520,幌延町,2371
2020年,1543,美幌町,18697
2020年,1544,津別町,4373
2020年,1545,斜里町,11418
2020年,1546,清里町,3883
2020年,1547,小清水町,4623
2020年,1549,訓子府町,4677
2020年,1550,置戸町,2775
2020年,1552,佐呂間町,4875
2020年,1555,遠軽町,19241
2020年,1559,湧別町,8270
2020年,1560,滝上町,2421
2020年,1561,興部町,3628
2020年,1562,西興部村,1053
2020年,1563,雄武町,4199
2020年,1564,大空町,6775
2020年,1571,豊浦町,3821
2020年,1575,壮瞥町,2743
2020年,1578,白老町,16212
2020年,1581,厚真町,4432
2020年,1584,洞爺湖町,8442
2020年,1585,安平町,7340
2020年,1586,むかわ町,7651
2020年,1601,日高町,11279
2020年,1602,平取町,4776
2020年,1604,新冠町,5309
2020年,1607,浦河町,12074
2020年,1608,様似町,4043
2020年,1609,えりも町,4374
2020年,1610,新ひだか町,21517
2020年,1631,音更町,43576
2020年,1632,士幌町,5848
2020年,1633,上士幌町,4778
2020年,1634,鹿追町,5266
2020年,1635,新得町,5817
2020年,1636,清水町,9094
2020年,1637,芽室町,18048
2020年,1638,中札内村,3884
2020年,1639,更別村,3080
2020年,1641,大樹町,5420
2020年,1642,広尾町,6387
2020年,1643,幕別町,25766
2020年,1644,池田町,6294
2020年,1645,豊頃町,3022
2020年,1646,本別町,6618
2020年,1647,足寄町,6563
2020年,1648,陸別町,2264
2020年,1649,浦幌町,4387
2020年,1661,釧路町,19105
2020年,1662,厚岸町,8892
2020年,1663,浜中町,5507
2020年,1664,標茶町,7230
2020年,1665,弟子屈町,6955
2020年,1667,鶴居村,2558
2020年,1668,白糠町,7289
2020年,1691,別海町,14380
2020年,1692,中標津町,23010
2020年,1693,標津町,5023
2020年,1694,羅臼町,4722
2020年,2000,青森県,1237984
2020年,2201,青森市,275192
2020年,2202,弘前市,168466
2020年,2203,八戸市,223415
2020年,2204,黒石市,31946
2020年,2205,五所川原市,51415
2020年,2206,十和田市,60378
2020年,2207,三沢市,39152
2020年,2208,むつ市,54103
2020年,2209,つがる市,30934
2020年,2210,平川市,30567
2020年,2301,平内町,10126
2020年,2303,今別町,2334
2020年,2304,蓬田村,2540
2020年,2307,外ヶ浜町,5401
2020年,2321,鰺ヶ沢町,9044
2020年,2323,深浦町,7346
2020年,2343,西目屋村,1265
2020年,2361,藤崎町,14573
2020年,2362,大鰐町,8665
2020年,2367,田舎館村,7326
2020年,2381,板柳町,12700
2020年,2384,鶴田町,12074
2020年,2387,中泊町,9657
2020年,2401,野辺地町,12374
2020年,2402,七戸町,14556
2020年,2405,六戸町,10447
2020年,2406,横浜町,4229
2020年,2408,東北町,16428
2020年,2411,六ヶ所村,10367
2020年,2412,おいらせ町,24273
2020年,2423,大間町,4718
2020年,2424,東通村,5955
2020年,2425,風間浦村,1636
2020年,2426,佐井村,1788
2020年,2441,三戸町,9082
2020年,2442,五戸町,16042
2020年,2443,田子町,4968
2020年,2445,南部町,16809
2020年,2446,階上町,13496
2020年,2450,新郷村,2197
2020年,3000,岩手県,1210534
2020年,3201,盛岡市,289731
2020年,3202,宮古市,50369
2020年,3203,大船渡市,34728
2020年,3205,花巻市,93193
2020年,3206,北上市,93045
2020年,3207,久慈市,33043
2020年,3208,遠野市,25366
2020年,3209,一関市,111932
2020年,3210,陸前高田市,18262
2020年,3211,釜石市,32078
2020年,3213,二戸市,25513
2020年,3214,八幡平市,24023
2020年,3215,奥州市,112937
2020年,3216,滝沢市,55579
2020年,3301,雫石町,15731
2020年,3302,葛巻町,5634
2020年,3303,岩手町,12285
2020年,3321,紫波町,32147
2020年,3322,矢巾町,28056
2020年,3366,西和賀町,5134
2020年,3381,金ケ崎町,15535
2020年,3402,平泉町,7252
2020年,3441,住田町,5045
2020年,3461,大槌町,11004
2020年,3482,山田町,14320
2020年,3483,岩泉町,8726
2020年,3484,田野畑村,3059
2020年,3485,普代村,2487
2020年,3501,軽米町,8421
2020年,3503,野田村,3936
2020年,3506,九戸村,5378
2020年,3507,洋野町,15091
2020年,3524,一戸町,11494
2020年,4000,宮城県,2301996
2020年,4100,仙台市,1096704
2020年,4101,仙台市青葉区,311590
2020年,4102,仙台市宮城野区,196732
2020年,4103,仙台市若林区,141475
2020年,4104,仙台市太白区,234758
2020年,4105,仙台市泉区,212149
2020年,4202,石巻市,140151
2020年,4203,塩竈市,52203
2020年,4205,気仙沼市,61147
2020年,4206,白石市,32758
2020年,4207,名取市,78718
2020年,4208,角田市,27976
2020年,4209,多賀城市,62827
2020年,4211,岩沼市,44068
2020年,4212,登米市,76037
2020年,4213,栗原市,64637
2020年,4214,東松島市,39098
2020年,4215,大崎市,127330
2020年,4216,富谷市,51651
2020年,4301,蔵王町,11418
2020年,4302,七ヶ宿町,1262
2020年,4321,大河原町,23571
2020年,4322,村田町,10666
2020年,4323,柴田町,38271
2020年,4324,川崎町,8345
2020年,4341,丸森町,12262
2020年,4361,亘理町,33087
2020年,4362,山元町,12046
2020年,4401,松島町,13323
2020年,4404,七ヶ浜町,18132
2020年,4406,利府町,35182
2020年,4421,大和町,28786
2020年,4422,大郷町,7813
2020年,4424,大衡村,5849
2020年,4444,色麻町,6698
2020年,4445,加美町,21943
2020年,4501,涌谷町,15388
2020年,4505,美里町,23994
2020年,4581,女川町,6430
2020年,4606,南三陸町,12225
2020年,5000,秋田県,959502
2020年,5201,秋田市,307672
2020年,5202,能代市,49968
2020年,5203,横手市,85555
2020年,5204,大館市,69237
2020年,5206,男鹿市,25154
2020年,5207,湯沢市,42091
2020年,5209,鹿角市,29088
2020年,5210,由利本荘市,74707
2020年,5211,潟上市,31720
2020年,5212,大仙市,77657
2020年,5213,北秋田市,30198
2020年,5214,にかほ市,23435
2020年,5215,仙北市,24610
2020年,5303,小坂町,4780
2020年,5327,上小阿仁村,2063
2020年,5346,藤里町,2896
2020年,5348,三種町,15254
2020年,5349,八峰町,6577
2020年,5361,五城目町,8538
2020年,5363,八郎潟町,5583
2020年,5366,井川町,4566
2020年,5368,大潟村,3011
2020年,5434,美郷町,18613
2020年,5463,羽後町,13825
2020年,5464,東成瀬村,2704
2020年,6000,山形県,1068027
2020年,6201,山形市,247590
2020年,6202,米沢市,81252
2020年,6203,鶴岡市,122347
2020年,6204,酒田市,100273
2020年,6205,新庄市,34432
2020年,6206,寒河江市,40189
2020年,6207,上山市,29110
2020年,6208,村山市,22516
2020年,6209,長井市,26543
2020年,6210,天童市,62140
2020年,6211,東根市,47682
2020年,6212,尾花沢市,14971
2020年,6213,南陽市,30420
2020年,6301,山辺町,13725
2020年,6302,中山町,10746
2020年,6321,河北町,17641
2020年,6322,西川町,4956
2020年,6323,朝日町,6366
2020年,6324,大江町,7646
2020年,6341,大石田町,6577
2020年,6361,金山町,5071
2020年,6362,最上町,8080
2020年,6363,舟形町,5007
2020年,6364,真室川町,7203
2020年,6365,大蔵村,3028
2020年,6366,鮭川村,3902
2020年,6367,戸沢村,4199
2020年,6381,高畠町,22463
2020年,6382,川西町,14558
2020年,6401,小国町,7107
2020年,6402,白鷹町,12890
2020年,6403,飯豊町,6613
2020年,6426,三川町,7601
2020年,6428,庄内町,20151
2020年,6461,遊佐町,13032
2020年,7000,福島県,1833152
2020年,7201,福島市,282693
2020年,7202,会津若松市,117376
2020年,7203,郡山市,327692
2020年,7204,いわき市,332931
2020年,7205,白河市,59491
2020年,7207,須賀川市,74992
2020年,7208,喜多方市,44760
2020年,7209,相馬市,34865
2020年,7210,二本松市,53557
2020年,7211,田村市,35169
2020年,7212,南相馬市,59005
2020年,7213,伊達市,58240
2020年,7214,本宮市,30236
2020年,7301,桑折町,11459
2020年,7303,国見町,8639
2020年,7308,川俣町,12170
2020年,7322,大玉村,8900
2020年,7342,鏡石町,12318
2020年,7344,天栄村,5194
2020年,7362,下郷町,5264
2020年,7364,檜枝岐村,504
2020年,7367,只見町,4044
2020年,7368,南会津町,14451
2020年,7402,北塩原村,2556
2020年,7405,西会津町,5770
2020年,7407,磐梯町,3322
2020年,7408,猪苗代町,13552
2020年,7421,会津坂下町,15068
2020年,7422,湯川村,3081
2020年,7423,柳津町,3081
2020年,7444,三島町,1452
2020年,7445,金山町,1862
2020年,7446,昭和村,1246
2020年,7447,会津美里町,19014
2020年,7461,西郷村,20808
2020年,7464,泉崎村,6213
2020年,7465,中島村,4885
2020年,7466,矢吹町,17287
2020年,7481,棚倉町,13343
2020年,7482,矢祭町,5392
2020年,7483,塙町,8302
2020年,7484,鮫川村,3049
2020年,7501,石川町,14644
2020年,7502,玉川村,6392
2020年,7503,平田村,5826
2020年,7504,浅川町,6036
2020年,7505,古殿町,4825
2020年,7521,三春町,17018
2020年,7522,小野町,9471
2020年,7541,広野町,5412
2020年,7542,楢葉町,3710
2020年,7543,富岡町,2128
2020年,7544,川内村,2044
2020年,7545,大熊町,847
2020年,7546,双葉町,-
2020年,7547,浪江町,1923
2020年,7548,葛尾村,420
2020年,7561,新地町,7905
2020年,7564,飯舘村,1318
2020年,8000,茨城県,2867009
2020年,8201,水戸市,270685
2020年,8202,日立市,174508
2020年,8203,土浦市,142074
2020年,8204,古河市,139344
2020年,8205,石岡市,73061
2020年,8207,結城市,50645
2020年,8208,龍ケ崎市,76420
2020年,8210,下妻市,42521
2020年,8211,常総市,60834
2020年,8212,常陸太田市,48602
2020年,8214,高萩市,27699
2020年,8215,北茨城市,41801
2020年,8216,笠間市,73173
2020年,8217,取手市,104524
2020年,8219,牛久市,84651
2020年,8220,つくば市,241656
2020年,8221,ひたちなか市,156581
2020年,8222,鹿嶋市,66950
2020年,8223,潮来市,27604
2020年,8224,守谷市,68421
2020年,8225,常陸大宮市,39267
2020年,8226,那珂市,53502
2020年,8227,筑西市,100753
2020年,8228,坂東市,52265
2020年,8229,稲敷市,39039
2020年,8230,かすみがうら市,40087
2020年,8231,桜川市,39122
2020年,8232,神栖市,95454
2020年,8233,行方市,32185
2020年,8234,鉾田市,45953
2020年,8235,つくばみらい市,49872
2020年,8236,小美玉市,48870
2020年,8302,茨城町,31401
2020年,8309,大洗町,15715
2020年,8310,城里町,18097
2020年,8341,東海村,37891
2020年,8364,大子町,15736
2020年,8442,美浦村,14602
2020年,8443,阿見町,48553
2020年,8447,河内町,8231
2020年,8521,八千代町,21026
2020年,8542,五霞町,8093
2020年,8546,境町,24201
2020年,8564,利根町,15340
2020年,9000,栃木県,1933146
2020年,9201,宇都宮市,518757
2020年,9202,足利市,144746
2020年,9203,栃木市,155549
2020年,9204,佐野市,116228
2020年,9205,鹿沼市,94033
2020年,9206,日光市,77661
2020年,9208,小山市,166666
2020年,9209,真岡市,78190
2020年,9210,大田原市,72087
2020年,9211,矢板市,31165
2020年,9213,那須塩原市,115210
2020年,9214,さくら市,44513
2020年,9215,那須烏山市,24875
2020年,9216,下野市,59507
2020年,9301,上三川町,30806
2020年,9342,益子町,21898
2020年,9343,茂木町,11891
2020年,9344,市貝町,11262
2020年,9345,芳賀町,14961
2020年,9361,壬生町,39474
2020年,9364,野木町,24913
2020年,9384,塩谷町,10354
2020年,9386,高根沢町,29229
2020年,9407,那須町,23956
2020年,9411,那珂川町,15215
2020年,10000,群馬県,1939110
2020年,10201,前橋市,332149
2020年,10202,高崎市,372973
2020年,10203,桐生市,106445
2020年,10204,伊勢崎市,211850
2020年,10205,太田市,223014
2020年,10206,沼田市,45337
2020年,10207,館林市,75309
2020年,10208,渋川市,74581
2020年,10209,藤岡市,63261
2020年,10210,富岡市,47446
2020年,10211,安中市,54907
2020年,10212,みどり市,49648
2020年,10344,榛東村,14216
2020年,10345,吉岡町,21792
2020年,10366,上野村,1128
2020年,10367,神流町,1645
2020年,10382,下仁田町,6576
2020年,10383,南牧村,1611
2020年,10384,甘楽町,12491
2020年,10421,中之条町,15386
2020年,10424,長野原町,5095
2020年,10425,嬬恋村,8850
2020年,10426,草津町,6049
2020年,10428,高山村,3511
2020年,10429,東吾妻町,12728
2020年,10443,片品村,3993
2020年,10444,川場村,3480
2020年,10448,昭和村,6953
2020年,10449,みなかみ町,17195
2020年,10464,玉村町,36054
2020年,10521,板倉町,14083
2020年,10522,明和町,10882
2020年,10523,千代田町,10861
2020年,10524,大泉町,42089
2020年,10525,邑楽町,25522
2020年,11000,埼玉県,7344765
2020年,11100,さいたま市,1324025
2020年,11101,さいたま市西区,93499
2020年,11102,さいたま市北区,149242
2020年,11103,さいたま市大宮区,117784
2020年,11104,さいたま市見沼区,165049
2020年,11105,さいたま市中央区,103269
2020年,11106,さいたま市桜区,98661
2020年,11107,さいたま市浦和区,164822
2020年,11108,さいたま市南区,191563
2020年,11109,さいたま市緑区,128321
2020年,11110,さいたま市岩槻区,111815
2020年,11201,川越市,354571
2020年,11202,熊谷市,194415
2020年,11203,川口市,594274
2020年,11206,行田市,78617
2020年,11207,秩父市,59674
2020年,11208,所沢市,342464
2020年,11209,飯能市,80361
2020年,11210,加須市,111623
2020年,11211,本庄市,78569
2020年,11212,東松山市,91791
2020年,11214,春日部市,229792
2020年,11215,狭山市,148699
2020年,11216,羽生市,52862
2020年,11217,鴻巣市,116828
2020年,11218,深谷市,141268
2020年,11219,上尾市,226940
2020年,11221,草加市,248304
2020年,11222,越谷市,341621
2020年,11223,蕨市,74283
2020年,11224,戸田市,140899
2020年,11225,入間市,145651
2020年,11227,朝霞市,141083
2020年,11228,志木市,75346
2020年,11229,和光市,83989
2020年,11230,新座市,166017
2020年,11231,桶川市,74748
2020年,11232,久喜市,150582
2020年,11233,北本市,65201
2020年,11234,八潮市,93363
2020年,11235,富士見市,111859
2020年,11237,三郷市,142145
2020年,11238,蓮田市,61499
2020年,11239,坂戸市,100275
2020年,11240,幸手市,50066
2020年,11241,鶴ヶ島市,70117
2020年,11242,日高市,54571
2020年,11243,吉川市,71979
2020年,11245,ふじみ野市,113597
2020年,11246,白岡市,52214
2020年,11301,伊奈町,44841
2020年,11324,三芳町,38434
2020年,11326,毛呂山町,35366
2020年,11327,越生町,11029
2020年,11341,滑川町,19732
2020年,11342,嵐山町,17889
2020年,11343,小川町,28524
2020年,11346,川島町,19378
2020年,11347,吉見町,18192
2020年,11348,鳩山町,13560
2020年,11349,ときがわ町,10540
2020年,11361,横瀬町,7979
2020年,11362,皆野町,9302
2020年,11363,長瀞町,6807
2020年,11365,小鹿野町,10928
2020年,11369,東秩父村,2709
2020年,11381,美里町,11039
2020年,11383,神川町,13359
2020年,11385,上里町,30343
2020年,11408,寄居町,32374
2020年,11442,宮代町,34147
2020年,11464,杉戸町,43845
2020年,11465,松伏町,28266
2020年,12000,千葉県,6284480
2020年,12100,千葉市,974951
2020年,12101,千葉市中央区,211736
2020年,12102,千葉市花見川区,177328
2020年,12103,千葉市稲毛区,160582
2020年,12104,千葉市若葉区,146940
2020年,12105,千葉市緑区,129421
2020年,12106,千葉市美浜区,148944
2020年,12202,銚子市,58431
2020年,12203,市川市,496676
2020年,12204,船橋市,642907
2020年,12205,館山市,45153
2020年,12206,木更津市,136166
2020年,12207,松戸市,498232
2020年,12208,野田市,152638
2020年,12210,茂原市,86782
2020年,12211,成田市,132906
2020年,12212,佐倉市,168743
2020年,12213,東金市,58219
2020年,12215,旭市,63745
2020年,12216,習志野市,176197
2020年,12217,柏市,426468
2020年,12218,勝浦市,16927
2020年,12219,市原市,269524
2020年,12220,流山市,199849
2020年,12221,八千代市,199498
2020年,12222,我孫子市,130510
2020年,12223,鴨川市,32116
2020年,12224,鎌ケ谷市,109932
2020年,12225,君津市,82206
2020年,12226,富津市,42465
2020年,12227,浦安市,171362
2020年,12228,四街道市,93576
2020年,12229,袖ケ浦市,63883
2020年,12230,八街市,67455
2020年,12231,印西市,102609
2020年,12232,白井市,62441
2020年,12233,富里市,49735
2020年,12234,南房総市,35831
2020年,12235,匝瑳市,35040
2020年,12236,香取市,72356
2020年,12237,山武市,48444
2020年,12238,いすみ市,35544
2020年,12239,大網白里市,48129
2020年,12322,酒々井町,20745
2020年,12329,栄町,20127
2020年,12342,神崎町,5816
2020年,12347,多古町,13735
2020年,12349,東庄町,13228
2020年,12403,九十九里町,14639
2020年,12409,芝山町,7033
2020年,12410,横芝光町,22075
2020年,12421,一宮町,11897
2020年,12422,睦沢町,6760
2020年,12423,長生村,13803
2020年,12424,白子町,10305
2020年,12426,長柄町,6721
2020年,12427,長南町,7198
2020年,12441,大多喜町,8885
2020年,12443,御宿町,6874
2020年,12463,鋸南町,6993
2020年,13000,東京都,14047594
2020年,13100,特別区部,9733276
2020年,13101,千代田区,66680
2020年,13102,中央区,169179
2020年,13103,港区,260486
2020年,13104,新宿区,349385
2020年,13105,文京区,240069
2020年,13106,台東区,211444
2020年,13107,墨田区,272085
2020年,13108,江東区,524310
2020年,13109,品川区,422488
2020年,13110,目黒区,288088
2020年,13111,大田区,748081
2020年,13112,世田谷区,943664
2020年,13113,渋谷区,243883
2020年,13114,中野区,344880
2020年,13115,杉並区,591108
2020年,13116,豊島区,301599
2020年,13117,北区,355213
2020年,13118,荒川区,217475
2020年,13119,板橋区,584483
2020年,13120,練馬区,752608
2020年,13121,足立区,695043
2020年,13122,葛飾区,453093
2020年,13123,江戸川区,697932
2020年,13201,八王子市,579355
2020年,13202,立川市,183581
2020年,13203,武蔵野市,150149
2020年,13204,三鷹市,195391
2020年,13205,青梅市,133535
2020年,13206,府中市,262790
2020年,13207,昭島市,113949
2020年,13208,調布市,242614
2020年,13209,町田市,431079
2020年,13210,小金井市,126074
2020年,13211,小平市,198739
2020年,13212,日野市,190435
2020年,13213,東村山市,151815
2020年,13214,国分寺市,129242
2020年,13215,国立市,77130
2020年,13218,福生市,56414
2020年,13219,狛江市,84772
2020年,13220,東大和市,83901
2020年,13221,清瀬市,76208
2020年,13222,東久留米市,115271
2020年,13223,武蔵村山市,70829
2020年,13224,多摩市,146951
2020年,13225,稲城市,93151
2020年,13227,羽村市,54326
2020年,13228,あきる野市,79292
2020年,13229,西東京市,207388
2020年,13303,瑞穂町,31765
2020年,13305,日の出町,16958
2020年,13307,檜原村,2003
2020年,13308,奥多摩町,4750
2020年,13361,大島町,7102
2020年,13362,利島村,327
2020年,13363,新島村,2441
2020年,13364,神津島村,1855
2020年,13381,三宅村,2273
2020年,13382,御蔵島村,323
2020年,13401,八丈町,7042
2020年,13402,青ヶ島村,169
2020年,13421,小笠原村,2929
2020年,14000,神奈川県,9237337
2020年,14100,横浜市,3777491
2020年,14101,横浜市鶴見区,297437
2020年,14102,横浜市神奈川区,247267
2020年,14103,横浜市西区,104935
2020年,14104,横浜市中区,151388
2020年,14105,横浜市南区,198157
2020年,14106,横浜市保土ケ谷区,207811
2020年,14107,横浜市磯子区,166731
2020年,14108,横浜市金沢区,198939
2020年,14109,横浜市港北区,358530
2020年,14110,横浜市戸塚区,283709
2020年,14111,横浜市港南区,215248
2020年,14112,横浜市旭区,245174
2020年,14113,横浜市緑区,183082
2020年,14114,横浜市瀬谷区,122623
2020年,14115,横浜市栄区,120194
2020年,14116,横浜市泉区,152378
2020年,14117,横浜市青葉区,310756
2020年,14118,横浜市都筑区,213132
2020年,14130,川崎市,1538262
2020年,14131,川崎市川崎区,232965
2020年,14132,川崎市幸区,171119
2020年,14133,川崎市中原区,263683
2020年,14134,川崎市高津区,234328
2020年,14135,川崎市多摩区,221734
2020年,14136,川崎市宮前区,233728
2020年,14137,川崎市麻生区,180705
2020年,14150,相模原市,725493
2020年,14151,相模原市緑区,170207
2020年,14152,相模原市中央区,273875
2020年,14153,相模原市南区,281411
2020年,14201,横須賀市,388078
2020年,14203,平塚市,258422
2020年,14204,鎌倉市,172710
2020年,14205,藤沢市,436905
2020年,14206,小田原市,188856
2020年,14207,茅ヶ崎市,242389
2020年,14208,逗子市,57060
2020年,14210,三浦市,42069
2020年,14211,秦野市,162439
2020年,14212,厚木市,223705
2020年,14213,大和市,239169
2020年,14214,伊勢原市,101780
2020年,14215,海老名市,136516
2020年,14216,座間市,132325
2020年,14217,南足柄市,40841
2020年,14218,綾瀬市,83913
2020年,14301,葉山町,31665
2020年,14321,寒川町,48348
2020年,14341,大磯町,31634
2020年,14342,二宮町,27564
2020年,14361,中井町,9300
2020年,14362,大井町,17129
2020年,14363,松田町,10836
2020年,14364,山北町,9761
2020年,14366,開成町,18329
2020年,14382,箱根町,11293
2020年,14383,真鶴町,6722
2020年,14384,湯河原町,23426
2020年,14401,愛川町,39869
2020年,14402,清川村,3038
2020年,15000,新潟県,2201272
2020年,15100,新潟市,789275
2020年,15101,新潟市北区,72804
2020年,15102,新潟市東区,134446
2020年,15103,新潟市中央区,180345
2020年,15104,新潟市江南区,67972
2020年,15105,新潟市秋葉区,75069
2020年,15106,新潟市南区,43437
2020年,15107,新潟市西区,160656
2020年,15108,新潟市西蒲区,54546
2020年,15202,長岡市,266936
2020年,15204,三条市,94642
2020年,15205,柏崎市,81526
2020年,15206,新発田市,94927
2020年,15208,小千谷市,34096
2020年,15209,加茂市,25441
2020年,15210,十日町市,49820
2020年,15211,見附市,39237
2020年,15212,村上市,57418
2020年,15213,燕市,77201
2020年,15216,糸魚川市,40765
2020年,15217,妙高市,30383
2020年,15218,五泉市,47625
2020年,15222,上越市,188047
2020年,15223,阿賀野市,40696
2020年,15224,佐渡市,51492
2020年,15225,魚沼市,34483
2020年,15226,南魚沼市,54851
2020年,15227,胎内市,28509
2020年,15307,聖籠町,14259
2020年,15342,弥彦村,7705
2020年,15361,田上町,11227
2020年,15385,阿賀町,9965
2020年,15405,出雲崎町,4113
2020年,15461,湯沢町,7767
2020年,15482,津南町,8989
2020年,15504,刈羽村,4380
2020年,15581,関川村,5144
2020年,15586,粟島浦村,353
2020年,16000,富山県,1034814
2020年,16201,富山市,413938
2020年,16202,高岡市,166393
2020年,16204,魚津市,40535
2020年,16205,氷見市,43950
2020年,16206,滑川市,32349
2020年,16207,黒部市,39638
2020年,16208,砺波市,48154
2020年,16209,小矢部市,28983
2020年,16210,南砺市,47937
2020年,16211,射水市,90742
2020年,16321,舟橋村,3132
2020年,16322,上市町,19351
2020年,16323,立山町,24792
2020年,16342,入善町,23839
2020年,16343,朝日町,11081
2020年,17000,石川県,1132526
2020年,17201,金沢市,463254
2020年,17202,七尾市,50300
2020年,17203,小松市,106216
2020年,17204,輪島市,24608
2020年,17205,珠洲市,12929
2020年,17206,加賀市,63220
2020年,17207,羽咋市,20407
2020年,17209,かほく市,34889
2020年,17210,白山市,110408
2020年,17211,能美市,48523
2020年,17212,野々市市,57238
2020年,17324,川北町,6135
2020年,17361,津幡町,36957
2020年,17365,内灘町,26574
2020年,17384,志賀町,18630
2020年,17386,宝達志水町,12121
2020年,17407,中能登町,16540
2020年,17461,穴水町,7890
2020年,17463,能登町,15687
2020年,18000,福井県,766863
2020年,18201,福井市,262328
2020年,18202,敦賀市,64264
2020年,18204,小浜市,28991
2020年,18205,大野市,31286
2020年,18206,勝山市,22150
2020年,18207,鯖江市,68302
2020年,18208,あわら市,27524
2020年,18209,越前市,80611
2020年,18210,坂井市,88481
2020年,18322,永平寺町,18965
2020年,18382,池田町,2423
2020年,18404,南越前町,10002
2020年,18423,越前町,20118
2020年,18442,美浜町,9179
2020年,18481,高浜町,10326
2020年,18483,おおい町,7910
2020年,18501,若狭町,14003
2020年,19000,山梨県,809974
2020年,19201,甲府市,189591
2020年,19202,富士吉田市,46530
2020年,19204,都留市,31016
2020年,19205,山梨市,33435
2020年,19206,大月市,22512
2020年,19207,韮崎市,29067
2020年,19208,南アルプス市,69459
2020年,19209,北杜市,44053
2020年,19210,甲斐市,75313
2020年,19211,笛吹市,66947
2020年,19212,上野原市,22669
2020年,19213,甲州市,29237
2020年,19214,中央市,31216
2020年,19346,市川三郷町,14700
2020年,19364,早川町,1098
2020年,19365,身延町,10663
2020年,19366,南部町,7156
2020年,19368,富士川町,14219
2020年,19384,昭和町,20909
2020年,19422,道志村,1607
2020年,19423,西桂町,4041
2020年,19424,忍野村,9237
2020年,19425,山中湖村,5179
2020年,19429,鳴沢村,2824
2020年,19430,富士河口湖町,26082
2020年,19442,小菅村,684
2020年,19443,丹波山村,530
2020年,20000,長野県,2048011
2020年,20201,長野市,372760
2020年,20202,松本市,241145
2020年,20203,上田市,154055
2020年,20204,岡谷市,47790
2020年,20205,飯田市,98164
2020年,20206,諏訪市,48729
2020年,20207,須坂市,49559
2020年,20208,小諸市,40991
2020年,20209,伊那市,66125
2020年,20210,駒ヶ根市,32202
2020年,20211,中野市,42338
2020年,20212,大町市,26029
2020年,20213,飯山市,19539
2020年,20214,茅野市,56400
2020年,20215,塩尻市,67241
2020年,20217,佐久市,98199
2020年,20218,千曲市,58852
2020年,20219,東御市,30122
2020年,20220,安曇野市,94222
2020年,20303,小海町,4353
2020年,20304,川上村,4344
2020年,20305,南牧村,3242
2020年,20306,南相木村,962
2020年,20307,北相木村,752
2020年,20309,佐久穂町,10218
2020年,20321,軽井沢町,19188
2020年,20323,御代田町,15555
2020年,20324,立科町,6612
2020年,20349,青木村,4121
2020年,20350,長和町,5600
2020年,20361,下諏訪町,19155
2020年,20362,富士見町,14084
2020年,20363,原村,7680
2020年,20382,辰野町,18555
2020年,20383,箕輪町,24989
2020年,20384,飯島町,9004
2020年,20385,南箕輪村,15797
2020年,20386,中川村,4651
2020年,20388,宮田村,8569
2020年,20402,松川町,12530
2020年,20403,高森町,12811
2020年,20404,阿南町,4299
2020年,20407,阿智村,6068
2020年,20409,平谷村,387
2020年,20410,根羽村,852
2020年,20411,下條村,3545
2020年,20412,売木村,548
2020年,20413,天龍村,1178
2020年,20414,泰阜村,1542
2020年,20415,喬木村,5973
2020年,20416,豊丘村,6426
2020年,20417,大鹿村,1023
2020年,20422,上松町,4131
2020年,20423,南木曽町,3915
2020年,20425,木祖村,2692
2020年,20429,王滝村,715
2020年,20430,大桑村,3439
2020年,20432,木曽町,10584
2020年,20446,麻績村,2593
2020年,20448,生坂村,1639
2020年,20450,山形村,8400
2020年,20451,朝日村,4279
2020年,20452,筑北村,4149
2020年,20481,池田町,9382
2020年,20482,松川村,9599
2020年,20485,白馬村,8575
2020年,20486,小谷村,2647
2020年,20521,坂城町,14004
2020年,20541,小布施町,10660
2020年,20543,高山村,6617
2020年,20561,山ノ内町,11352
2020年,20562,木島平村,4375
2020年,20563,野沢温泉村,3279
2020年,20583,信濃町,7739
2020年,20588,小川村,2215
2020年,20590,飯綱町,10296
2020年,20602,栄村,1660
2020年,21000,岐阜県,1978742
2020年,21201,岐阜市,402557
2020年,21202,大垣市,158286
2020年,21203,高山市,84419
2020年,21204,多治見市,106732
2020年,21205,関市,85283
2020年,21206,中津川市,76570
2020年,21207,美濃市,19247
2020年,21208,瑞浪市,37150
2020年,21209,羽島市,65649
2020年,21210,恵那市,47774
2020年,21211,美濃加茂市,56689
2020年,21212,土岐市,55348
2020年,21213,各務原市,144521
2020年,21214,可児市,99968
2020年,21215,山県市,25280
2020年,21216,瑞穂市,56388
2020年,21217,飛騨市,22538
2020年,21218,本巣市,32928
2020年,21219,郡上市,38997
2020年,21220,下呂市,30428
2020年,21221,海津市,32735
2020年,21302,岐南町,25881
2020年,21303,笠松町,22208
2020年,21341,養老町,26882
2020年,21361,垂井町,26402
2020年,21362,関ケ原町,6610
2020年,21381,神戸町,18585
2020年,21382,輪之内町,9654
2020年,21383,安八町,14355
2020年,21401,揖斐川町,19529
2020年,21403,大野町,22041
2020年,21404,池田町,23360
2020年,21421,北方町,18139
2020年,21501,坂祝町,8071
2020年,21502,富加町,5626
2020年,21503,川辺町,9860
2020年,21504,七宗町,3402
2020年,21505,八百津町,10195
2020年,21506,白川町,7412
2020年,21507,東白川村,2016
2020年,21521,御嵩町,17516
2020年,21604,白川村,1511
2020年,22000,静岡県,3633202
2020年,22100,静岡市,693389
2020年,22101,静岡市葵区,249297
2020年,22102,静岡市駿河区,213026
2020年,22103,静岡市清水区,231066
2020年,22130,浜松市,790718
2020年,22131,浜松市中区,235240
2020年,22132,浜松市東区,129356
2020年,22133,浜松市西区,108160
2020年,22134,浜松市南区,99769
2020年,22135,浜松市北区,92688
2020年,22136,浜松市浜北区,98779
2020年,22137,浜松市天竜区,26726
2020年,22203,沼津市,189386
2020年,22205,熱海市,34208
2020年,22206,三島市,107783
2020年,22207,富士宮市,128105
2020年,22208,伊東市,65491
2020年,22209,島田市,95719
2020年,22210,富士市,245392
2020年,22211,磐田市,166672
2020年,22212,焼津市,136845
2020年,22213,掛川市,114954
2020年,22214,藤枝市,141342
2020年,22215,御殿場市,86614
2020年,22216,袋井市,87864
2020年,22219,下田市,20183
2020年,22220,裾野市,50911
2020年,22221,湖西市,57885
2020年,22222,伊豆市,28190
2020年,22223,御前崎市,31103
2020年,22224,菊川市,47789
2020年,22225,伊豆の国市,46804
2020年,22226,牧之原市,43502
2020年,22301,東伊豆町,11488
2020年,22302,河津町,6870
2020年,22304,南伊豆町,7877
2020年,22305,松崎町,6038
2020年,22306,西伊豆町,7090
2020年,22325,函南町,36794
2020年,22341,清水町,31710
2020年,22342,長泉町,43336
2020年,22344,小山町,18568
2020年,22424,吉田町,28919
2020年,22429,川根本町,6206
2020年,22461,森町,17457
2020年,23000,愛知県,7542415
2020年,23100,名古屋市,2332176
2020年,23101,名古屋市千種区,165245
2020年,23102,名古屋市東区,84392
2020年,23103,名古屋市北区,162956
2020年,23104,名古屋市西区,151082
2020年,23105,名古屋市中村区,138599
2020年,23106,名古屋市中区,93100
2020年,23107,名古屋市昭和区,107599
2020年,23108,名古屋市瑞穂区,108332
2020年,23109,名古屋市熱田区,66957
2020年,23110,名古屋市中川区,220728
2020年,23111,名古屋市港区,143715
2020年,23112,名古屋市南区,134510
2020年,23113,名古屋市守山区,176587
2020年,23114,名古屋市緑区,248802
2020年,23115,名古屋市名東区,164755
2020年,23116,名古屋市天白区,164817
2020年,23201,豊橋市,371920
2020年,23202,岡崎市,384654
2020年,23203,一宮市,380073
2020年,23204,瀬戸市,127792
2020年,23205,半田市,117884
2020年,23206,春日井市,308681
2020年,23207,豊川市,184661
2020年,23208,津島市,60942
2020年,23209,碧南市,72458
2020年,23210,刈谷市,153834
2020年,23211,豊田市,422330
2020年,23212,安城市,187990
2020年,23213,西尾市,169046
2020年,23214,蒲郡市,79538
2020年,23215,犬山市,73090
2020年,23216,常滑市,58710
2020年,23217,江南市,98255
2020年,23219,小牧市,148831
2020年,23220,稲沢市,134751
2020年,23221,新城市,44355
2020年,23222,東海市,113787
2020年,23223,大府市,93123
2020年,23224,知多市,84364
2020年,23225,知立市,72193
2020年,23226,尾張旭市,83144
2020年,23227,高浜市,46106
2020年,23228,岩倉市,47983
2020年,23229,豊明市,69295
2020年,23230,日進市,91520
2020年,23231,田原市,59360
2020年,23232,愛西市,60829
2020年,23233,清須市,67352
2020年,23234,北名古屋市,86385
2020年,23235,弥富市,43025
2020年,23236,みよし市,61952
2020年,23237,あま市,86126
2020年,23238,長久手市,60162
2020年,23302,東郷町,43903
2020年,23342,豊山町,15613
2020年,23361,大口町,24305
2020年,23362,扶桑町,34133
2020年,23424,大治町,32399
2020年,23425,蟹江町,37338
2020年,23427,飛島村,4575
2020年,23441,阿久比町,28383
2020年,23442,東浦町,49596
2020年,23445,南知多町,16617
2020年,23446,美浜町,22496
2020年,23447,武豊町,43535
2020年,23501,幸田町,42449
2020年,23561,設楽町,4437
2020年,23562,東栄町,2942
2020年,23563,豊根村,1017
2020年,24000,三重県,1770254
2020年,24201,津市,274537
2020年,24202,四日市市,305424
2020年,24203,伊勢市,122765
2020年,24204,松阪市,159145
2020年,24205,桑名市,138613
2020年,24207,鈴鹿市,195670
2020年,24208,名張市,76387
2020年,24209,尾鷲市,16252
2020年,24210,亀山市,49835
2020年,24211,鳥羽市,17525
2020年,24212,熊野市,15965
2020年,24214,いなべ市,44973
2020年,24215,志摩市,46057
2020年,24216,伊賀市,88766
2020年,24303,木曽岬町,6023
2020年,24324,東員町,25784
2020年,24341,菰野町,40559
2020年,24343,朝日町,11021
2020年,24344,川越町,15123
2020年,24441,多気町,14021
2020年,24442,明和町,22445
2020年,24443,大台町,8668
2020年,24461,玉城町,15041
2020年,24470,度会町,7847
2020年,24471,大紀町,7815
2020年,24472,南伊勢町,10989
2020年,24543,紀北町,14604
2020年,24561,御浜町,8079
2020年,24562,紀宝町,10321
2020年,25000,滋賀県,1413610
2020年,25201,大津市,345070
2020年,25202,彦根市,113647
2020年,25203,長浜市,113636
2020年,25204,近江八幡市,81122
2020年,25206,草津市,143913
2020年,25207,守山市,83236
2020年,25208,栗東市,68820
2020年,25209,甲賀市,88358
2020年,25210,野洲市,50513
2020年,25211,湖南市,54460
2020年,25212,高島市,46377
2020年,25213,東近江市,112819
2020年,25214,米原市,37225
2020年,25383,日野町,20964
2020年,25384,竜王町,11789
2020年,25425,愛荘町,20893
2020年,25441,豊郷町,7132
2020年,25442,甲良町,6362
2020年,25443,多賀町,7274
2020年,26000,京都府,2578087
2020年,26100,京都市,1463723
2020年,26101,京都市北区,117165
2020年,26102,京都市上京区,83832
2020年,26103,京都市左京区,166039
2020年,26104,京都市中京区,110488
2020年,26105,京都市東山区,36602
2020年,26106,京都市下京区,82784
2020年,26107,京都市南区,101970
2020年,26108,京都市右京区,202047
2020年,26109,京都市伏見区,277858
2020年,26110,京都市山科区,135101
2020年,26111,京都市西京区,149837
2020年,26201,福知山市,77306
2020年,26202,舞鶴市,80336
2020年,26203,綾部市,31846
2020年,26204,宇治市,179630
2020年,26205,宮津市,16758
2020年,26206,亀岡市,86174
2020年,26207,城陽市,74607
2020年,26208,向日市,56859
2020年,26209,長岡京市,80608
2020年,26210,八幡市,70433
2020年,26211,京田辺市,73753
2020年,26212,京丹後市,50860
2020年,26213,南丹市,31629
2020年,26214,木津川市,77907
2020年,26303,大山崎町,15953
2020年,26322,久御山町,15250
2020年,26343,井手町,7406
2020年,26344,宇治田原町,8911
2020年,26364,笠置町,1144
2020年,26365,和束町,3478
2020年,26366,精華町,36198
2020年,26367,南山城村,2391
2020年,26407,京丹波町,12907
2020年,26463,伊根町,1928
2020年,26465,与謝野町,20092
2020年,27000,大阪府,8837685
2020年,27100,大阪市,2752412
2020年,27102,大阪市都島区,107904
2020年,27103,大阪市福島区,79328
2020年,27104,大阪市此花区,65251
2020年,27106,大阪市西区,105862
2020年,27107,大阪市港区,80948
2020年,27108,大阪市大正区,62083
2020年,27109,大阪市天王寺区,82148
2020年,27111,大阪市浪速区,75504
2020年,27113,大阪市西淀川区,95864
2020年,27114,大阪市東淀川区,177120
2020年,27115,大阪市東成区,84906
2020年,27116,大阪市生野区,127309
2020年,27117,大阪市旭区,89670
2020年,27118,大阪市城東区,169043
2020年,27119,大阪市阿倍野区,110995
2020年,27120,大阪市住吉区,153056
2020年,27121,大阪市東住吉区,127849
2020年,27122,大阪市西成区,106111
2020年,27123,大阪市淀川区,183444
2020年,27124,大阪市鶴見区,112691
2020年,27125,大阪市住之江区,120072
2020年,27126,大阪市平野区,192152
2020年,27127,大阪市北区,139376
2020年,27128,大阪市中央区,103726
2020年,27140,堺市,826161
2020年,27141,堺市堺区,148682
2020年,27142,堺市中区,121236
2020年,27143,堺市東区,85043
2020年,27144,堺市西区,135375
2020年,27145,堺市南区,138464
2020年,27146,堺市北区,159757
2020年,27147,堺市美原区,37604
2020年,27202,岸和田市,190658
2020年,27203,豊中市,401558
2020年,27204,池田市,104993
2020年,27205,吹田市,385567
2020年,27206,泉大津市,74412
2020年,27207,高槻市,352698
2020年,27208,貝塚市,84443
2020年,27209,守口市,143096
2020年,27210,枚方市,397289
2020年,27211,茨木市,287730
2020年,27212,八尾市,264642
2020年,27213,泉佐野市,100131
2020年,27214,富田林市,108699
2020年,27215,寝屋川市,229733
2020年,27216,河内長野市,101692
2020年,27217,松原市,117641
2020年,27218,大東市,119367
2020年,27219,和泉市,184495
2020年,27220,箕面市,136868
2020年,27221,柏原市,68775
2020年,27222,羽曳野市,108736
2020年,27223,門真市,119764
2020年,27224,摂津市,87456
2020年,27225,高石市,55635
2020年,27226,藤井寺市,63688
2020年,27227,東大阪市,493940
2020年,27228,泉南市,60102
2020年,27229,四條畷市,55177
2020年,27230,交野市,75033
2020年,27231,大阪狭山市,58435
2020年,27232,阪南市,51254
2020年,27301,島本町,30927
2020年,27321,豊能町,18279
2020年,27322,能勢町,9079
2020年,27341,忠岡町,16567
2020年,27361,熊取町,43763
2020年,27362,田尻町,8434
2020年,27366,岬町,14741
2020年,27381,太子町,13009
2020年,27382,河南町,15697
2020年,27383,千早赤阪村,4909
2020年,28000,兵庫県,5465002
2020年,28100,神戸市,1525152
2020年,28101,神戸市東灘区,213562
2020年,28102,神戸市灘区,136747
2020年,28105,神戸市兵庫区,109144
2020年,28106,神戸市長田区,94791
2020年,28107,神戸市須磨区,158719
2020年,28108,神戸市垂水区,215302
2020年,28109,神戸市北区,210492
2020年,28110,神戸市中央区,147518
2020年,28111,神戸市西区,238877
2020年,28201,姫路市,530495
2020年,28202,尼崎市,459593
2020年,28203,明石市,303601
2020年,28204,西宮市,485587
2020年,28205,洲本市,41236
2020年,28206,芦屋市,93922
2020年,28207,伊丹市,198138
2020年,28208,相生市,28355
2020年,28209,豊岡市,77489
2020年,28210,加古川市,260878
2020年,28212,赤穂市,45892
2020年,28213,西脇市,38673
2020年,28214,宝塚市,226432
2020年,28215,三木市,75294
2020年,28216,高砂市,87722
2020年,28217,川西市,152321
2020年,28218,小野市,47562
2020年,28219,三田市,109238
2020年,28220,加西市,42700
2020年,28221,丹波篠山市,39611
2020年,28222,養父市,22129
2020年,28223,丹波市,61471
2020年,28224,南あわじ市,44137
2020年,28225,朝来市,28989
2020年,28226,淡路市,41967
2020年,28227,宍粟市,34819
2020年,28228,加東市,40645
2020年,28229,たつの市,74316
2020年,28301,猪名川町,29680
2020年,28365,多可町,19261
2020年,28381,稲美町,30268
2020年,28382,播磨町,33604
2020年,28442,市川町,11231
2020年,28443,福崎町,19377
2020年,28446,神河町,10616
2020年,28464,太子町,33477
2020年,28481,上郡町,13879
2020年,28501,佐用町,15863
2020年,28585,香美町,16064
2020年,28586,新温泉町,13318
2020年,29000,奈良県,1324473
2020年,29201,奈良市,354630
2020年,29202,大和高田市,61744
2020年,29203,大和郡山市,83285
2020年,29204,天理市,63889
2020年,29205,橿原市,120922
2020年,29206,桜井市,54857
2020年,29207,五條市,27927
2020年,29208,御所市,24096
2020年,29209,生駒市,116675
2020年,29210,香芝市,78113
2020年,29211,葛城市,36832
2020年,29212,宇陀市,28121
2020年,29322,山添村,3226
2020年,29342,平群町,18009
2020年,29343,三郷町,23219
2020年,29344,斑鳩町,27587
2020年,29345,安堵町,7225
2020年,29361,川西町,8167
2020年,29362,三宅町,6439
2020年,29363,田原本町,31177
2020年,29385,曽爾村,1295
2020年,29386,御杖村,1479
2020年,29401,高取町,6729
2020年,29402,明日香村,5179
2020年,29424,上牧町,21714
2020年,29425,王寺町,24043
2020年,29426,広陵町,33810
2020年,29427,河合町,17018
2020年,29441,吉野町,6229
2020年,29442,大淀町,16728
2020年,29443,下市町,5037
2020年,29444,黒滝村,623
2020年,29446,天川村,1176
2020年,29447,野迫川村,357
2020年,29449,十津川村,3061
2020年,29450,下北山村,753
2020年,29451,上北山村,444
2020年,29452,川上村,1156
2020年,29453,東吉野村,1502
2020年,30000,和歌山県,922584
2020年,30201,和歌山市,356729
2020年,30202,海南市,48369
2020年,30203,橋本市,60818
2020年,30204,有田市,26538
2020年,30205,御坊市,23481
2020年,30206,田辺市,69870
2020年,30207,新宮市,27171
2020年,30208,紀の川市,58816
2020年,30209,岩出市,53967
2020年,30304,紀美野町,8256
2020年,30341,かつらぎ町,15967
2020年,30343,九度山町,3856
2020年,30344,高野町,2970
2020年,30361,湯浅町,11122
2020年,30362,広川町,6781
2020年,30366,有田川町,25258
2020年,30381,美浜町,6867
2020年,30382,日高町,7673
2020年,30383,由良町,5364
2020年,30390,印南町,7720
2020年,30391,みなべ町,11818
2020年,30392,日高川町,9219
2020年,30401,白浜町,20262
2020年,30404,上富田町,15236
2020年,30406,すさみ町,3685
2020年,30421,那智勝浦町,14137
2020年,30422,太地町,2791
2020年,30424,古座川町,2480
2020年,30427,北山村,404
2020年,30428,串本町,14959
2020年,31000,鳥取県,553407
2020年,31201,鳥取市,188465
2020年,31202,米子市,147317
2020年,31203,倉吉市,46485
2020年,31204,境港市,32740
2020年,31302,岩美町,10799
2020年,31325,若桜町,2864
2020年,31328,智頭町,6427
2020年,31329,八頭町,15937
2020年,31364,三朝町,6060
2020年,31370,湯梨浜町,16055
2020年,31371,琴浦町,16365
2020年,31372,北栄町,14228
2020年,31384,日吉津村,3501
2020年,31386,大山町,15370
2020年,31389,南部町,10323
2020年,31390,伯耆町,10696
2020年,31401,日南町,4196
2020年,31402,日野町,2907
2020年,31403,江府町,2672
2020年,32000,島根県,671126
2020年,32201,松江市,203616
2020年,32202,浜田市,54592
2020年,32203,出雲市,172775
2020年,32204,益田市,45003
2020年,32205,大田市,32846
2020年,32206,安来市,37062
2020年,32207,江津市,22959
2020年,32209,雲南市,36007
2020年,32343,奥出雲町,11849
2020年,32386,飯南町,4577
2020年,32441,川本町,3248
2020年,32448,美郷町,4355
2020年,32449,邑南町,10163
2020年,32501,津和野町,6875
2020年,32505,吉賀町,6077
2020年,32525,海士町,2267
2020年,32526,西ノ島町,2788
2020年,32527,知夫村,634
2020年,32528,隠岐の島町,13433
2020年,33000,岡山県,1888432
2020年,33100,岡山市,724691
2020年,33101,岡山市北区,314523
2020年,33102,岡山市中区,149232
2020年,33103,岡山市東区,93108
2020年,33104,岡山市南区,167828
2020年,33202,倉敷市,474592
2020年,33203,津山市,99937
2020年,33204,玉野市,56531
2020年,33205,笠岡市,46088
2020年,33207,井原市,38384
2020年,33208,総社市,69030
2020年,33209,高梁市,29072
2020年,33210,新見市,28079
2020年,33211,備前市,32320
2020年,33212,瀬戸内市,36048
2020年,33213,赤磐市,42661
2020年,33214,真庭市,42725
2020年,33215,美作市,25939
2020年,33216,浅口市,32772
2020年,33346,和気町,13623
2020年,33423,早島町,12368
2020年,33445,里庄町,10950
2020年,33461,矢掛町,13414
2020年,33586,新庄村,813
2020年,33606,鏡野町,12062
2020年,33622,勝央町,10888
2020年,33623,奈義町,5578
2020年,33643,西粟倉村,1398
2020年,33663,久米南町,4530
2020年,33666,美咲町,13053
2020年,33681,吉備中央町,10886
2020年,34000,広島県,2799702
2020年,34100,広島市,1200754
2020年,34101,広島市中区,142699
2020年,34102,広島市東区,119353
2020年,34103,広島市南区,145805
2020年,34104,広島市西区,190232
2020年,34105,広島市安佐南区,247020
2020年,34106,広島市安佐北区,138979
2020年,34107,広島市安芸区,77103
2020年,34108,広島市佐伯区,139563
2020年,34202,呉市,214592
2020年,34203,竹原市,23993
2020年,34204,三原市,90573
2020年,34205,尾道市,131170
2020年,34207,福山市,460930
2020年,34208,府中市,37655
2020年,34209,三次市,50681
2020年,34210,庄原市,33633
2020年,34211,大竹市,26319
2020年,34212,東広島市,196608
2020年,34213,廿日市市,114173
2020年,34214,安芸高田市,26448
2020年,34215,江田島市,21930
2020年,34302,府中町,51155
2020年,34304,海田町,29636
2020年,34307,熊野町,22834
2020年,34309,坂町,12582
2020年,34368,安芸太田町,5740
2020年,34369,北広島町,17763
2020年,34431,大崎上島町,7158
2020年,34462,世羅町,15125
2020年,34545,神石高原町,8250
2020年,35000,山口県,1342059
2020年,35201,下関市,255051
2020年,35202,宇部市,162570
2020年,35203,山口市,193966
2020年,35204,萩市,44626
2020年,35206,防府市,113979
2020年,35207,下松市,55887
2020年,35208,岩国市,129125
2020年,35210,光市,49798
2020年,35211,長門市,32519
2020年,35212,柳井市,30799
2020年,35213,美祢市,23247
2020年,35215,周南市,137540
2020年,35216,山陽小野田市,60326
2020年,35305,周防大島町,14798
2020年,35321,和木町,6034
2020年,35341,上関町,2342
2020年,35343,田布施町,14483
2020年,35344,平生町,11914
2020年,35502,阿武町,3055
2020年,36000,徳島県,719559
2020年,36201,徳島市,252391
2020年,36202,鳴門市,54622
2020年,36203,小松島市,36149
2020年,36204,阿南市,69470
2020年,36205,吉野川市,38772
2020年,36206,阿波市,34713
2020年,36207,美馬市,28055
2020年,36208,三好市,23605
2020年,36301,勝浦町,4837
2020年,36302,上勝町,1380
2020年,36321,佐那河内村,2058
2020年,36341,石井町,24833
2020年,36342,神山町,4647
2020年,36368,那賀町,7367
2020年,36383,牟岐町,3743
2020年,36387,美波町,6222
2020年,36388,海陽町,8358
2020年,36401,松茂町,14583
2020年,36402,北島町,22745
2020年,36403,藍住町,35246
2020年,36404,板野町,13042
2020年,36405,上板町,11384
2020年,36468,つるぎ町,7715
2020年,36489,東みよし町,13622
2020年,37000,香川県,950244
2020年,37201,高松市,417496
2020年,37202,丸亀市,109513
2020年,37203,坂出市,50624
2020年,37204,善通寺市,31631
2020年,37205,観音寺市,57438
2020年,37206,さぬき市,47003
2020年,37207,東かがわ市,28279
2020年,37208,三豊市,61857
2020年,37322,土庄町,12846
2020年,37324,小豆島町,13870
2020年,37341,三木町,26878
2020年,37364,直島町,3103
2020年,37386,宇多津町,18699
2020年,37387,綾川町,22693
2020年,37403,琴平町,8468
2020年,37404,多度津町,22445
2020年,37406,まんのう町,17401
2020年,38000,愛媛県,1334841
2020年,38201,松山市,511192
2020年,38202,今治市,151672
2020年,38203,宇和島市,70809
2020年,38204,八幡浜市,31987
2020年,38205,新居浜市,115938
2020年,38206,西条市,104791
2020年,38207,大洲市,40575
2020年,38210,伊予市,35133
2020年,38213,四国中央市,82754
2020年,38214,西予市,35388
2020年,38215,東温市,33903
2020年,38356,上島町,6509
2020年,38386,久万高原町,7404
2020年,38401,松前町,29630
2020年,38402,砥部町,20480
2020年,38422,内子町,15322
2020年,38442,伊方町,8397
2020年,38484,松野町,3674
2020年,38488,鬼北町,9682
2020年,38506,愛南町,19601
2020年,39000,高知県,691527
2020年,39201,高知市,326545
2020年,39202,室戸市,11742
2020年,39203,安芸市,16243
2020年,39204,南国市,46664
2020年,39205,土佐市,25732
2020年,39206,須崎市,20590
2020年,39208,宿毛市,19033
2020年,39209,土佐清水市,12388
2020年,39210,四万十市,32694
2020年,39211,香南市,32207
2020年,39212,香美市,26513
2020年,39301,東洋町,2194
2020年,39302,奈半利町,3034
2020年,39303,田野町,2498
2020年,39304,安田町,2370
2020年,39305,北川村,1146
2020年,39306,馬路村,745
2020年,39307,芸西村,3694
2020年,39341,本山町,3261
2020年,39344,大豊町,3252
2020年,39363,土佐町,3753
2020年,39364,大川村,366
2020年,39386,いの町,21374
2020年,39387,仁淀川町,4827
2020年,39401,中土佐町,6002
2020年,39402,佐川町,12323
2020年,39403,越知町,5187
2020年,39405,檮原町,3307
2020年,39410,日高村,4812
2020年,39411,津野町,5291
2020年,39412,四万十町,15607
2020年,39424,大月町,4434
2020年,39427,三原村,1437
2020年,39428,黒潮町,10262
2020年,40000,福岡県,5135214
2020年,40100,北九州市,939029
2020年,40101,北九州市門司区,93842
2020年,40103,北九州市若松区,80533
2020年,40105,北九州市戸畑区,57494
2020年,40106,北九州市小倉北区,183407
2020年,40107,北九州市小倉南区,209028
2020年,40108,北九州市八幡東区,64792
2020年,40109,北九州市八幡西区,249933
2020年,40130,福岡市,1612392
2020年,40131,福岡市東区,322503
2020年,40132,福岡市博多区,252034
2020年,40133,福岡市中央区,205501
2020年,40134,福岡市南区,265583
2020年,40135,福岡市西区,212579
2020年,40136,福岡市城南区,132864
2020年,40137,福岡市早良区,221328
2020年,40202,大牟田市,111281
2020年,40203,久留米市,303316
2020年,40204,直方市,56212
2020年,40205,飯塚市,126364
2020年,40206,田川市,46203
2020年,40207,柳川市,64475
2020年,40210,八女市,60608
2020年,40211,筑後市,48827
2020年,40212,大川市,32988
2020年,40213,行橋市,71426
2020年,40214,豊前市,24391
2020年,40215,中間市,40362
2020年,40216,小郡市,59360
2020年,40217,筑紫野市,103311
2020年,40218,春日市,111023
2020年,40219,大野城市,102085
2020年,40220,宗像市,97095
2020年,40221,太宰府市,73164
2020年,40223,古賀市,58786
2020年,40224,福津市,67033
2020年,40225,うきは市,27981
2020年,40226,宮若市,26298
2020年,40227,嘉麻市,35473
2020年,40228,朝倉市,50273
2020年,40229,みやま市,35861
2020年,40230,糸島市,98877
2020年,40231,那珂川市,50112
2020年,40341,宇美町,37671
2020年,40342,篠栗町,31209
2020年,40343,志免町,46377
2020年,40344,須恵町,28628
2020年,40345,新宮町,32927
2020年,40348,久山町,9068
2020年,40349,粕屋町,48190
2020年,40381,芦屋町,13545
2020年,40382,水巻町,28114
2020年,40383,岡垣町,31007
2020年,40384,遠賀町,18723
2020年,40401,小竹町,7151
2020年,40402,鞍手町,15080
2020年,40421,桂川町,12878
2020年,40447,筑前町,29591
2020年,40448,東峰村,1899
2020年,40503,大刀洗町,15521
2020年,40522,大木町,13820
2020年,40544,広川町,19969
2020年,40601,香春町,10191
2020年,40602,添田町,8801
2020年,40604,糸田町,8407
2020年,40605,川崎町,15176
2020年,40608,大任町,5008
2020年,40609,赤村,2774
2020年,40610,福智町,21398
2020年,40621,苅田町,37684
2020年,40625,みやこ町,18825
2020年,40642,吉富町,6536
2020年,40646,上毛町,7251
2020年,40647,築上町,17189
2020年,41000,佐賀県,811442
2020年,41201,佐賀市,233301
2020年,41202,唐津市,117373
2020年,41203,鳥栖市,74196
2020年,41204,多久市,18295
2020年,41205,伊万里市,52629
2020年,41206,武雄市,47914
2020年,41207,鹿島市,27892
2020年,41208,小城市,43952
2020年,41209,嬉野市,25848
2020年,41210,神埼市,31022
2020年,41327,吉野ヶ里町,16323
2020年,41341,基山町,17250
2020年,41345,上峰町,9286
2020年,41346,みやき町,25511
2020年,41387,玄海町,5609
2020年,41401,有田町,19010
2020年,41423,大町町,6293
2020年,41424,江北町,9566
2020年,41425,白石町,22051
2020年,41441,太良町,8121
2020年,42000,長崎県,1312317
2020年,42201,長崎市,409118
2020年,42202,佐世保市,243223
2020年,42203,島原市,43338
2020年,42204,諫早市,133852
2020年,42205,大村市,95397
2020年,42207,平戸市,29365
2020年,42208,松浦市,21271
2020年,42209,対馬市,28502
2020年,42210,壱岐市,24948
2020年,42211,五島市,34391
2020年,42212,西海市,26275
2020年,42213,雲仙市,41096
2020年,42214,南島原市,42330
2020年,42307,長与町,40780
2020年,42308,時津町,29339
2020年,42321,東彼杵町,7721
2020年,42322,川棚町,13377
2020年,42323,波佐見町,14291
2020年,42383,小値賀町,2288
2020年,42391,佐々町,13912
2020年,42411,新上五島町,17503
2020年,43000,熊本県,1738301
2020年,43100,熊本市,738865
2020年,43101,熊本市中央区,187502
2020年,43102,熊本市東区,189524
2020年,43103,熊本市西区,91177
2020年,43104,熊本市南区,130829
2020年,43105,熊本市北区,139833
2020年,43202,八代市,123067
2020年,43203,人吉市,31108
2020年,43204,荒尾市,50832
2020年,43205,水俣市,23557
2020年,43206,玉名市,64292
2020年,43208,山鹿市,49025
2020年,43210,菊池市,46416
2020年,43211,宇土市,36122
2020年,43212,上天草市,24563
2020年,43213,宇城市,57032
2020年,43214,阿蘇市,24930
2020年,43215,天草市,75783
2020年,43216,合志市,61772
2020年,43348,美里町,9392
2020年,43364,玉東町,5045
2020年,43367,南関町,8979
2020年,43368,長洲町,15372
2020年,43369,和水町,9342
2020年,43403,大津町,35187
2020年,43404,菊陽町,43337
2020年,43423,南小国町,3750
2020年,43424,小国町,6590
2020年,43425,産山村,1382
2020年,43428,高森町,5789
2020年,43432,西原村,6426
2020年,43433,南阿蘇村,9836
2020年,43441,御船町,16303
2020年,43442,嘉島町,9547
2020年,43443,益城町,32510
2020年,43444,甲佐町,10132
2020年,43447,山都町,13503
2020年,43468,氷川町,11094
2020年,43482,芦北町,15681
2020年,43484,津奈木町,4254
2020年,43501,錦町,10288
2020年,43505,多良木町,9076
2020年,43506,湯前町,3627
2020年,43507,水上村,2033
2020年,43510,相良村,4070
2020年,43511,五木村,931
2020年,43512,山江村,3238
2020年,43513,球磨村,2433
2020年,43514,あさぎり町,14676
2020年,43531,苓北町,7114
2020年,44000,大分県,1123852
2020年,44201,大分市,475614
2020年,44202,別府市,115321
2020年,44203,中津市,82863
2020年,44204,日田市,62657
2020年,44205,佐伯市,66851
2020年,44206,臼杵市,36158
2020年,44207,津久見市,16100
2020年,44208,竹田市,20332
2020年,44209,豊後高田市,22112
2020年,44210,杵築市,27999
2020年,44211,宇佐市,52771
2020年,44212,豊後大野市,33695
2020年,44213,由布市,32772
2020年,44214,国東市,26232
2020年,44322,姫島村,1725
2020年,44341,日出町,27723
2020年,44461,九重町,8541
2020年,44462,玖珠町,14386
2020年,45000,宮崎県,1069576
2020年,45201,宮崎市,401339
2020年,45202,都城市,160640
2020年,45203,延岡市,118394
2020年,45204,日南市,50848
2020年,45205,小林市,43670
2020年,45206,日向市,59629
2020年,45207,串間市,16822
2020年,45208,西都市,28610
2020年,45209,えびの市,17638
2020年,45341,三股町,25591
2020年,45361,高原町,8639
2020年,45382,国富町,18398
2020年,45383,綾町,6934
2020年,45401,高鍋町,19922
2020年,45402,新富町,16564
2020年,45403,西米良村,1000
2020年,45404,木城町,4895
2020年,45405,川南町,15194
2020年,45406,都農町,9906
2020年,45421,門川町,17379
2020年,45429,諸塚村,1486
2020年,45430,椎葉村,2503
2020年,45431,美郷町,4826
2020年,45441,高千穂町,11642
2020年,45442,日之影町,3635
2020年,45443,五ヶ瀬町,3472
2020年,46000,鹿児島県,1588256
2020年,46201,鹿児島市,593128
2020年,46203,鹿屋市,101096
2020年,46204,枕崎市,20033
2020年,46206,阿久根市,19270
2020年,46208,出水市,51994
2020年,46210,指宿市,39011
2020年,46213,西之表市,14708
2020年,46214,垂水市,13819
2020年,46215,薩摩川内市,92403
2020年,46216,日置市,47153
2020年,46217,曽於市,33310
2020年,46218,霧島市,123135
2020年,46219,いちき串木野市,27490
2020年,46220,南さつま市,32887
2020年,46221,志布志市,29329
2020年,46222,奄美市,41390
2020年,46223,南九州市,33080
2020年,46224,伊佐市,24453
2020年,46225,姶良市,76348
2020年,46303,三島村,405
2020年,46304,十島村,740
2020年,46392,さつま町,20243
2020年,46404,長島町,9705
2020年,46452,湧水町,9119
2020年,46468,大崎町,12385
2020年,46482,東串良町,6237
2020年,46490,錦江町,6944
2020年,46491,南大隅町,6481
2020年,46492,肝付町,14227
2020年,46501,中種子町,7539
2020年,46502,南種子町,5445
2020年,46505,屋久島町,11858
2020年,46523,大和村,1364
2020年,46524,宇検村,1621
2020年,46525,瀬戸内町,8546
2020年,46527,龍郷町,5817
2020年,46529,喜界町,6629
2020年,46530,徳之島町,10147
2020年,46531,天城町,5517
2020年,46532,伊仙町,6139
2020年,46533,和泊町,6246
2020年,46534,知名町,5750
2020年,46535,与論町,5115
2020年,47000,沖縄県,1467480
2020年,47201,那覇市,317625
2020年,47205,宜野湾市,100125
2020年,47207,石垣市,47637
2020年,47208,浦添市,115690
2020年,47209,名護市,63554
2020年,47210,糸満市,61007
2020年,47211,沖縄市,142752
2020年,47212,豊見城市,64612
2020年,47213,うるま市,125303
2020年,47214,宮古島市,52931
2020年,47215,南城市,44043
2020年,47301,国頭村,4517
2020年,47302,大宜味村,3092
2020年,47303,東村,1598
2020年,47306,今帰仁村,8894
2020年,47308,本部町,12530
2020年,47311,恩納村,10869
2020年,47313,宜野座村,5833
2020年,47314,金武町,10806
2020年,47315,伊江村,4118
2020年,47324,読谷村,41206
2020年,47325,嘉手納町,13521
2020年,47326,北谷町,28201
2020年,47327,北中城村,17969
2020年,47328,中城村,22157
2020年,47329,西原町,34984
2020年,47348,与那原町,19695
2020年,47350,南風原町,40440
2020年,47353,渡嘉敷村,718
2020年,47354,座間味村,892
2020年,47355,粟国村,683
2020年,47356,渡名喜村,346
2020年,47357,南大東村,1285
2020年,47358,北大東村,590
2020年,47359,伊平屋村,1126
2020年,47360,伊是名村,1322
2020年,47361,久米島町,7192
2020年,47362,八重瀬町,30941
2020年,47375,多良間村,1058
2020年,47381,竹富町,3942
2020年,47382,与那国町,1676
